"X","USDAcode","GPI_status"
1,"HYRA3","invasive"
2,"MAPA5","invasive"
3,"SOHA","invasive"
4,"PEHA","invasive"
5,"CAEQ","invasive"
6,"CIAR4","invasive"
7,"BRRU2","invasive"
8,"SCAR","invasive"
9,"SCBA","invasive"
10,"PECI","invasive"
11,"BRTO","invasive"
12,"ACSA","invasive"
13,"AGAD2","invasive"
14,"AGST2","invasive"
15,"AIAL","invasive"
16,"ALPH","invasive"
17,"AMTR","invasive"
18,"ARDO4","invasive"
19,"BRTE","invasive"
20,"BUDA2","invasive"
21,"CAIN45","invasive"
22,"CAAC18","invasive"
23,"CHOD","invasive"
24,"ERLE","invasive"
25,"POCU6","invasive"
26,"POSA4","invasive"
27,"HEGA","invasive"
28,"IMGL","invasive"
29,"LISI","invasive"
30,"LOMA6","invasive"
31,"MIVI","invasive"
32,"MIMI5","invasive"
33,"ONAC","invasive"
34,"PHCA13","invasive"
35,"PHAU7","invasive"
36,"PRGL2","invasive"
37,"PSME","invasive"
38,"QURU","invasive"
39,"RASA2","invasive"
40,"RHCA3","invasive"
41,"SACI","invasive"
42,"SOCA6","invasive"
43,"SOGI","invasive"
44,"TRFL","invasive"
45,"ULEU","invasive"
46,"CYRO8","invasive"
47,"ANGE","invasive"
48,"SCSC","invasive"
49,"COCAC3","invasive"
50,"THQU","invasive"
51,"AMAR2","invasive"
52,"AMPS","invasive"
53,"BIFR","invasive"
54,"CYXA2","invasive"
55,"HOJU","invasive"
56,"OEBI","invasive"
57,"XASTG","invasive"
58,"SPPL","invasive"
59,"ACCY2","invasive"
60,"ACME80","invasive"
61,"ROMU","invasive"
62,"PHAR3","invasive"
63,"TACA8","invasive"
64,"ACPL","invasive"
65,"LECU","invasive"
66,"ANGA3","invasive"
67,"URMU","invasive"
68,"RUCA19","invasive"
69,"SPAL","invasive"
70,"PIST2","invasive"
71,"CADR","invasive"
72,"COAR4","invasive"
73,"CYOF","invasive"
74,"EUES","invasive"
75,"HYPE","invasive"
76,"LEVU","invasive"
77,"LIDA","invasive"
78,"PORE5","invasive"
79,"TAVU","invasive"
80,"POPR","invasive"
81,"MOFA","invasive"
82,"OXPE","invasive"
83,"BRDI3","invasive"
84,"EICR","invasive"
85,"PADI6","invasive"
86,"OEMA2","invasive"
87,"ACMA12","invasive"
88,"LILU2","invasive"
89,"ACDE3","invasive"
90,"BRPA4","invasive"
91,"BRAR5","invasive"
92,"ACNE2","invasive"
93,"AGCR","invasive"
94,"AGGI2","invasive"
95,"CAAC","invasive"
96,"CANU4","invasive"
97,"CEST8","invasive"
98,"CIVU","invasive"
99,"SEVA4","invasive"
100,"DACA6","invasive"
101,"ELAN","invasive"
102,"ELRE4","invasive"
103,"FRAL4","invasive"
104,"FRPE","invasive"
105,"JUVI","invasive"
106,"LIVU2","invasive"
107,"LOTA","invasive"
108,"LOCO6","invasive"
109,"MESA","invasive"
110,"MEOF","invasive"
111,"PASA2","invasive"
112,"PHPR3","invasive"
113,"POCO","invasive"
114,"PODE3","invasive"
115,"ROPS","invasive"
116,"SOAR2","invasive"
117,"TRHY","invasive"
118,"TRPR2","invasive"
119,"TRRE3","invasive"
120,"ULPU","invasive"
121,"BRIN2","invasive"
122,"ARAB3","invasive"
123,"BRSE","invasive"
124,"ULAM","invasive"
125,"AETR","invasive"
126,"MYSP2","invasive"
127,"LAKA2","invasive"
128,"RULA3","invasive"
129,"AMFR","invasive"
130,"FICA","invasive"
131,"CASA3","invasive"
132,"LACA2","invasive"
133,"LELE10","invasive"
134,"PAHY","invasive"
135,"PRJU3","invasive"
136,"XAST","invasive"
137,"BRNA","invasive"
138,"VETH","invasive"
139,"ACLO","invasive"
140,"POAL7","invasive"
141,"LYSA2","invasive"
142,"CEOR7","invasive"
143,"SILO3","invasive"
144,"AMRE","invasive"
145,"ASSY","invasive"
146,"SYPR5","invasive"
147,"BUOR","invasive"
148,"ECLO","invasive"
149,"ECSP","invasive"
150,"ERAN","invasive"
151,"GAPA2","invasive"
152,"GAQU","invasive"
153,"HETU","invasive"
154,"HEMA17","invasive"
155,"IMPA2","invasive"
156,"LUPO2","invasive"
157,"OXDI2","invasive"
158,"RUAL3","invasive"
159,"AMPO2","invasive"
160,"ALPE4","invasive"
161,"GEMO2","invasive"
162,"PLLA","invasive"
163,"MABE2","invasive"
164,"AMAL","invasive"
165,"SIAL2","invasive"
166,"AMBL","invasive"
167,"PICO","invasive"
168,"PINI","invasive"
169,"BEDA","invasive"
170,"RHMA2","invasive"
171,"BETH","invasive"
172,"AECY","invasive"
173,"SECE","invasive"
174,"HYAM2","invasive"
175,"POTR2","invasive"
176,"LUGR9","invasive"
177,"FAMO","invasive"
178,"CAPR","invasive"
179,"CRGR6","invasive"
180,"CYDA","invasive"
181,"CYRO","invasive"
182,"FUFO","invasive"
183,"MAIN3","invasive"
184,"MERE9","invasive"
185,"MOCH2","invasive"
186,"OPFI","invasive"
187,"URMA3","invasive"
188,"PRPA4","invasive"
189,"RICO3","invasive"
190,"BOIS","invasive"
191,"ARVU","invasive"
192,"COMA2","invasive"
193,"VEPE3","invasive"
194,"DEOD","invasive"
195,"PRMA","invasive"
196,"URAR2","invasive"
197,"ALAL3","invasive"
198,"AREL3","invasive"
199,"AVSA","invasive"
200,"BRRA","invasive"
201,"BRHO2","invasive"
202,"BRPE10","invasive"
203,"CAMI2","invasive"
204,"CESO3","invasive"
205,"CIIN","invasive"
206,"DAGL","invasive"
207,"DIFU2","invasive"
208,"THIN6","invasive"
209,"LELA2","invasive"
210,"MELU","invasive"
211,"POBU","invasive"
212,"TRDU","invasive"
213,"VEDU","invasive"
214,"SILA21","invasive"
215,"AZCA","invasive"
216,"AZFI","invasive"
217,"CACA","invasive"
218,"ELCA7","invasive"
219,"ELNU2","invasive"
220,"VAAM3","invasive"
221,"ERCU2","invasive"
222,"ECCO2","invasive"
223,"ACMI2","invasive"
224,"FERU2","invasive"
225,"SOAL6","invasive"
226,"SYOR","invasive"
227,"ESCA2","invasive"
228,"CEJA","invasive"
229,"SIOF","invasive"
230,"ASCI4","invasive"
231,"JUTE","invasive"
232,"PRSE2","invasive"
233,"AZIN2","invasive"
234,"GLSE2","invasive"
235,"PSCA","invasive"
236,"LIRA2","invasive"
237,"FRUH","invasive"
238,"PIPI7","invasive"
239,"VAFA","invasive"
240,"AGAM","invasive"
241,"AGRI2","invasive"
242,"ANCO6","invasive"
243,"ARME4","invasive"
244,"CASP11","invasive"
245,"CAGR13","invasive"
246,"CYFA2","invasive"
247,"DAIN2","invasive"
248,"DAST","invasive"
249,"ELIN3","invasive"
250,"IPCA","invasive"
251,"IPIN","invasive"
252,"IPPU2","invasive"
253,"PECL2","invasive"
254,"MABR12","invasive"
255,"MIJA","invasive"
256,"NANE","invasive"
257,"NIGL","invasive"
258,"NIPA2","invasive"
259,"OPTO2","invasive"
260,"TRMA7","invasive"
261,"WIUR","invasive"
262,"SEIN10","invasive"
263,"BAHA","invasive"
264,"POAC6","invasive"
265,"DIAN8","invasive"
266,"SAMO5","invasive"
267,"TYLA","invasive"
268,"AMMA5","invasive"
269,"CYSC4","invasive"
270,"HYRU2","invasive"
271,"IMCY","invasive"
272,"MEMI2","invasive"
273,"SCTE","invasive"
274,"MIPE2","invasive"
275,"ELPU2","invasive"
276,"TRSE6","invasive"
277,"SCMO","invasive"
278,"CYLO11","invasive"
279,"LOJA","invasive"
280,"BAVU2","invasive"
281,"CLTE4","invasive"
282,"ELUM","invasive"
283,"RAFI","invasive"
284,"LIOB","invasive"
285,"MISI","invasive"
286,"PATO2","invasive"
287,"POPE10","invasive"
288,"PUMO","invasive"
289,"PYCA80","invasive"
290,"RUPH","invasive"
291,"HEHE","invasive"
292,"IRPS","invasive"
293,"PIHA7","invasive"
294,"SPPA","invasive"
295,"GAAP2","invasive"
296,"SPTR6","invasive"
297,"SONI","invasive"
298,"SEME6","invasive"
299,"ACDE","invasive"
300,"ACEL","invasive"
301,"ACME","invasive"
302,"ACPO2","invasive"
303,"ACST6","invasive"
304,"ACAS","invasive"
305,"AROC2","invasive"
306,"AVFA","invasive"
307,"BIPI","invasive"
308,"BRMA","invasive"
309,"BRMI2","invasive"
310,"BRCA6","invasive"
311,"KADE","invasive"
312,"CARI9","invasive"
313,"CABU2","invasive"
314,"CAHI3","invasive"
315,"CHHI3","invasive"
316,"CHAL7","invasive"
317,"CICA","invasive"
318,"COBO","invasive"
319,"COSE4","invasive"
320,"COFR3","invasive"
321,"CRMU10","invasive"
322,"CYCO18","invasive"
323,"CYLE7","invasive"
324,"CYES","invasive"
325,"CYPA8","invasive"
326,"DIMI","invasive"
327,"ERMO7","invasive"
328,"EUCA2","invasive"
329,"EUDI14","invasive"
330,"GACO11","invasive"
331,"GRRO","invasive"
332,"HYGL2","invasive"
333,"LASE","invasive"
334,"LAOV","invasive"
335,"LELA29","invasive"
336,"LOPE","invasive"
337,"LOSU80","invasive"
338,"LUPA","invasive"
339,"MEPO3","invasive"
340,"MEAZ","invasive"
341,"MEIN2","invasive"
342,"MYSY","invasive"
343,"NECO3","invasive"
344,"NIPH","invasive"
345,"OERO","invasive"
346,"OEST","invasive"
347,"ORSA2","invasive"
348,"OXCO","invasive"
349,"OXLA6","invasive"
350,"PALO8","invasive"
351,"PADI3","invasive"
352,"PAUR2","invasive"
353,"PAVA","invasive"
354,"PACA22","invasive"
355,"PAED","invasive"
356,"POLA4","invasive"
357,"PHPE4","invasive"
358,"PHAM4","invasive"
359,"PHIC","invasive"
360,"PIEC","invasive"
361,"PIEL","invasive"
362,"PIPI6","invasive"
363,"PIRA2","invasive"
364,"PITA","invasive"
365,"PIUN2","invasive"
366,"PLMA2","invasive"
367,"PLBA2","invasive"
368,"POAN","invasive"
369,"POMO5","invasive"
370,"POOL","invasive"
371,"PSGU","invasive"
372,"PTTR3","invasive"
373,"VISA","invasive"
374,"VIHI","invasive"
375,"VELI","invasive"
376,"VEBO","invasive"
377,"VEVI2","invasive"
378,"TRCA5","invasive"
379,"TECA8","invasive"
380,"TAOF","invasive"
381,"TAMI3","invasive"
382,"SYPA7","invasive"
383,"STME2","invasive"
384,"SOOL","invasive"
385,"SOAS","invasive"
386,"SOPS","invasive"
387,"ADRA","invasive"
388,"SOMA3","invasive"
389,"SIAN3","invasive"
390,"SIGA","invasive"
391,"SEPA10","invasive"
392,"ANAZ","invasive"
393,"SEPU7","invasive"
394,"SESE13","invasive"
395,"SCTR5","invasive"
396,"SANI4","invasive"
397,"RUCR","invasive"
398,"RUAC3","invasive"
399,"RIBR2","invasive"
400,"RARA2","invasive"
401,"AEIN","invasive"
402,"AGCO","invasive"
403,"AMSP","invasive"
404,"CRCR9","invasive"
405,"OELA","invasive"
406,"RUAC2","invasive"
407,"SECA23","invasive"
408,"AGFO2","invasive"
409,"AGSI2","invasive"
410,"CEAR4","invasive"
411,"NATR3","invasive"
412,"MYHE2","invasive"
413,"POBA3","invasive"
414,"SCFE","invasive"
415,"MEQU","invasive"
416,"SPDO","invasive"
417,"SPTO2","invasive"
418,"BRNI","invasive"
419,"BRMA3","invasive"
420,"ERCI6","invasive"
421,"FIRU4","invasive"
422,"CUPE3","invasive"
423,"HYVE3","invasive"
424,"PIPA13","invasive"
425,"EUGL","invasive"
426,"ERPL","invasive"
427,"LOMO2","invasive"
428,"LIVU","invasive"
429,"ABTH","invasive"
430,"DISA","invasive"
431,"URPL2","invasive"
432,"TARA","invasive"
433,"POCR3","invasive"
434,"OPST2","invasive"
435,"SEMA15","invasive"
436,"CASE13","invasive"
437,"PAQU2","invasive"
438,"ARCI2","invasive"
439,"MICA20","invasive"
440,"GYPA","invasive"
441,"CRMO3","invasive"
442,"HOLA","invasive"
443,"TACH2","invasive"
444,"JUOC","invasive"
445,"OPAU10","invasive"
446,"OEDR","invasive"
447,"OCSE2","invasive"
448,"NEWI2","invasive"
449,"NAOF","invasive"
450,"MYAQ2","invasive"
451,"MOAL","invasive"
452,"MIPU8","invasive"
453,"MAAT80","invasive"
454,"LIFO2","invasive"
455,"LAMO2","invasive"
456,"JUBE2","invasive"
457,"JUAR4","invasive"
458,"JAGO","invasive"
459,"IMWA","invasive"
460,"HYCO9","invasive"
461,"HIBE2","invasive"
462,"HECO11","invasive"
463,"HAMA7","invasive"
464,"ASPH2","invasive"
465,"GLSU2","invasive"
466,"GLTR","invasive"
467,"EUUN2","invasive"
468,"EGDE","invasive"
469,"ECCR","invasive"
470,"DIER","invasive"
471,"DESA81","invasive"
472,"COBE2","invasive"
473,"COES","invasive"
474,"CHGA2","invasive"
475,"CEEC","invasive"
476,"CESI8","invasive"
477,"CARO14","invasive"
478,"CAIN19","invasive"
479,"CAFR6","invasive"
480,"CADE15","invasive"
481,"KAPI","invasive"
482,"AXCO","invasive"
483,"ASSE12","invasive"
484,"ASAF","invasive"
485,"ASAE3","invasive"
486,"ASCU","invasive"
487,"AREL10","invasive"
488,"ARSE8","invasive"
489,"ANVI2","invasive"
490,"AGHO3","invasive"
491,"OPMO5","invasive"
492,"PACO14","invasive"
493,"PAMA30","invasive"
494,"PANO2","invasive"
495,"PAFO2","invasive"
496,"PAPA22","invasive"
497,"PEPU2","invasive"
498,"PHAU8","invasive"
499,"PYVE2","invasive"
500,"RIHU2","invasive"
501,"RUEL3","invasive"
502,"RUMA5","invasive"
503,"SACO5","invasive"
504,"SATR6","invasive"
505,"SIRH","invasive"
506,"SOER2","invasive"
507,"SOSE7","invasive"
508,"SOTO4","invasive"
509,"SPCA2","invasive"
510,"STSE","invasive"
511,"TEST","invasive"
512,"THPE3","invasive"
513,"THAL3","invasive"
514,"THLA6","invasive"
515,"TIDI2","invasive"
516,"TRZE","invasive"
517,"TRRH","invasive"
518,"VEEN","invasive"
519,"ZIPE","invasive"
520,"SPINC3","invasive"
521,"SPINM","invasive"
522,"EUFO5","invasive"
523,"PAVI2","invasive"
524,"BIAU","invasive"
525,"PHTE8","invasive"
526,"CAED3","invasive"
527,"HIMU","invasive"
528,"PATA6","invasive"
529,"PATR13","invasive"
530,"AMAR4","invasive"
531,"LOPE80","invasive"
532,"FOVU","invasive"
533,"DILA4","invasive"
534,"ARHE2","invasive"
535,"CASA27","invasive"
536,"JURE80","invasive"
537,"CEBI","invasive"
538,"MYAR","invasive"
539,"THAR5","invasive"
540,"LAMA15","invasive"
541,"LUPE5","invasive"
542,"ARTH","invasive"
543,"HECO10","invasive"
544,"AMBR","invasive"
545,"CLVI6","invasive"
546,"HEHI12","invasive"
547,"ILAQ80","invasive"
548,"PRLA5","invasive"
549,"TROR","invasive"
550,"ALSE4","invasive"
551,"SESO2","invasive"
552,"DUER","invasive"
553,"ARCR80","invasive"
554,"DUIN2","invasive"
555,"CEDI3","invasive"
556,"ROAU","invasive"
557,"DETO","invasive"
558,"RORU","invasive"
559,"ASFI2","invasive"
560,"ROCA3","invasive"
561,"RORU82","invasive"
562,"SPAN5","invasive"
563,"ALGL2","invasive"
564,"SAFR","invasive"
565,"HUJA","invasive"
566,"LYMI","invasive"
567,"ALLE","invasive"
568,"RURO","invasive"
569,"EUJA8","invasive"
570,"LORI","invasive"
571,"POAV","invasive"
572,"TRTE","invasive"
573,"CHTR","invasive"
574,"DARA2","invasive"
575,"APCA","invasive"
576,"PLAR3","invasive"
577,"PTAQ","invasive"
578,"SMRO","invasive"
579,"SPAR","invasive"
580,"TORA2","invasive"
581,"TRAR4","invasive"
582,"VUOC","invasive"
583,"ACRU","invasive"
584,"DRVE2","invasive"
585,"ERKA2","invasive"
586,"VILA8","invasive"
587,"SYNO3","invasive"
588,"CESP4","invasive"
589,"PHOC","invasive"
590,"CEOC","invasive"
591,"VIAE","invasive"
592,"VICI2","invasive"
593,"VIAC2","invasive"
594,"VIRU2","invasive"
595,"VIVU","invasive"
596,"MEAR14","invasive"
597,"RAAC3","invasive"
598,"TYAN","invasive"
599,"PIOO2","invasive"
600,"SESQ","invasive"
601,"DIGR3","invasive"
602,"ARAN3","invasive"
603,"MADI6","invasive"
604,"CRSE2","invasive"
605,"RUHI2","invasive"
606,"AEPO","invasive"
607,"ANSY","invasive"
608,"ARLA3","invasive"
609,"BAVU","invasive"
610,"BUUM","invasive"
611,"CARA","invasive"
612,"VICR","invasive"
613,"SODU","invasive"
614,"SIVU","invasive"
615,"PRVU","invasive"
616,"POAR8","invasive"
617,"MYSC","invasive"
618,"LYNU","invasive"
619,"LYEU","invasive"
620,"HYMO6","invasive"
621,"HEMA3","invasive"
622,"HEFU","invasive"
623,"POCOC2","invasive"
624,"DIAR","invasive"
625,"CIPA6","invasive"
626,"44234","invasive"
627,"PLRU","invasive"
628,"AGCA5","invasive"
629,"ANOD","invasive"
630,"HOMU","invasive"
631,"CAPY2","invasive"
632,"ERBO","invasive"
633,"VUMY","invasive"
634,"SYJA","invasive"
635,"SOEL","invasive"
636,"ARCA45","invasive"
637,"MOCA2","invasive"
638,"SOTA3","invasive"
639,"SOVI2","invasive"
640,"CYFU3","invasive"
641,"SOMA2","invasive"
642,"SOSI","invasive"
643,"SOME","invasive"
644,"SOJA3","invasive"
645,"SOCI","invasive"
646,"SOCA22","invasive"
647,"CIPU","invasive"
648,"CAGI11","invasive"
649,"ASGA2","invasive"
650,"NAMI","invasive"
651,"NENU2","invasive"
652,"PISY","invasive"
653,"VIMI2","invasive"
654,"JUAI2","invasive"
655,"JUCI","invasive"
656,"JUMA8","invasive"
657,"JUNI","invasive"
658,"ANLE4","invasive"
659,"CAKO2","invasive"
660,"LALA4","invasive"
661,"LASY","invasive"
662,"VIVI","invasive"
663,"RUOB","invasive"
664,"ANOC","invasive"
665,"COLA","invasive"
666,"COSA","invasive"
667,"CULO","invasive"
668,"ELBU","invasive"
669,"SACY8","invasive"
670,"ACAM","invasive"
671,"SEAL5","invasive"
672,"TEBE","invasive"
673,"SAFA11","invasive"
674,"CAFI4","invasive"
675,"MEBI4","invasive"
676,"CEME2","invasive"
677,"ALIN2","invasive"
678,"ALRU2","invasive"
679,"OXAR5","invasive"
680,"AEAM","invasive"
681,"ALCA7","invasive"
682,"AMDU","invasive"
683,"BATO","invasive"
684,"BENE3","invasive"
685,"BOBL","invasive"
686,"BRPI4","invasive"
687,"CACA42","invasive"
688,"CAEL5","invasive"
689,"CLSP7","invasive"
690,"CODI5","invasive"
691,"CRRE4","invasive"
692,"CYIN6","invasive"
693,"DERE","invasive"
694,"DICI2","invasive"
695,"DISE7","invasive"
696,"DIIN2","invasive"
697,"DIAL2","invasive"
698,"DIBU","invasive"
699,"EIAZ2","invasive"
700,"ENGI","invasive"
701,"ERPO5","invasive"
702,"EULA8","invasive"
703,"GOGL","invasive"
704,"GOBA","invasive"
705,"HEIN","invasive"
706,"IMBA","invasive"
707,"INTI","invasive"
708,"IXTH","invasive"
709,"JASA","invasive"
710,"LENE","invasive"
711,"LUAC2","invasive"
712,"MAAM2","invasive"
713,"MUPR","invasive"
714,"PAAC3","invasive"
715,"PHLU2","invasive"
716,"PIAU","invasive"
717,"PIDU","invasive"
718,"ROCO6","invasive"
719,"RUNI4","invasive"
720,"SEED","invasive"
721,"SESP9","invasive"
722,"SPZE","invasive"
723,"STAP","invasive"
724,"TAER","invasive"
725,"TECA","invasive"
726,"THFR2","invasive"
727,"TRSP8","invasive"
728,"TRLA24","invasive"
729,"TRBO5","invasive"
730,"TUCO","invasive"
731,"URLO","invasive"
732,"VIDE3","invasive"
733,"VITR7","invasive"
734,"CIAUA","invasive"
735,"KUST2","invasive"
736,"HEAN3","invasive"
737,"LOPEM2","invasive"
738,"RUAR9","invasive"
739,"AEAR4","invasive"
740,"SPIN4","invasive"
741,"SPAL2","invasive"
742,"SOSE2","invasive"
743,"SOFU4","invasive"
744,"SIAN","invasive"
745,"SEFA","invasive"
746,"SAOR4","invasive"
747,"SALA2","invasive"
748,"RHTY","invasive"
749,"PITO2","invasive"
750,"PIST","invasive"
751,"POOR2","invasive"
752,"POCA21","invasive"
753,"PEVI2","invasive"
754,"CHSE4","invasive"
755,"CHPR6","invasive"
756,"EPCI","invasive"
757,"EHER","invasive"
758,"ECPR","invasive"
759,"CYER","invasive"
760,"CUSU","invasive"
761,"ALCA5","invasive"
762,"CRHE5","invasive"
763,"COCO7","invasive"
764,"COAU3","invasive"
765,"COHO80","invasive"
766,"COSE16","invasive"
767,"CHNU9","invasive"
768,"CHMA15","invasive"
769,"ASAS4","invasive"
770,"APCO","invasive"
771,"AMHU2","invasive"
772,"AMMU3","invasive"
773,"AMHY","invasive"
774,"ALRO3","invasive"
775,"AKQU","invasive"
776,"ACRE2","invasive"
777,"VAKA","invasive"
778,"GAPE2","invasive"
779,"HYRA","invasive"
780,"IMCA","invasive"
781,"LEMI6","invasive"
782,"LEVI3","invasive"
783,"LIOV","invasive"
784,"LIDU","invasive"
785,"LYAM3","invasive"
786,"MAAQ2","invasive"
787,"MOVE","invasive"
788,"NATE3","invasive"
789,"PADI","invasive"
790,"PASO2","invasive"
791,"CHLA","invasive"
792,"DYMU","invasive"
793,"CLPE","invasive"
794,"HEMA22","invasive"
795,"DICR8","invasive"
796,"FRCO8","invasive"
797,"GARI2","invasive"
798,"HECU3","invasive"
799,"HYMA7","invasive"
800,"HYBO","invasive"
801,"LISC4","invasive"
802,"LYCH","invasive"
803,"NOBO","invasive"
804,"OXPU2","invasive"
805,"PAMI2","invasive"
806,"PICR","invasive"
807,"RUFR7","invasive"
808,"SOTO7","invasive"
809,"TUCL","invasive"
810,"ZAAE","invasive"
811,"SCAC2","invasive"
812,"SCSE6","invasive"
813,"JAFL","invasive"
814,"CAGL11","invasive"
815,"ERPI2","invasive"
816,"ECVU","invasive"
817,"ARCH17","invasive"
818,"RUUL","invasive"
819,"UGMO","invasive"
820,"BEIN2","invasive"
821,"CRTE3","invasive"
822,"BEPE3","invasive"
823,"CAAR18","invasive"
824,"SYVU","invasive"
825,"FIMI2","invasive"
826,"CEOB","invasive"
827,"MAMA28","invasive"
828,"MECA9","invasive"
829,"ABAM","invasive"
830,"ABGR","invasive"
831,"KOEL","invasive"
832,"RUNU","invasive"
833,"SIOR2","invasive"
834,"SOLY2","invasive"
835,"HIRH80","invasive"
836,"HITR","invasive"
837,"ERVI3","invasive"
838,"ELCI","invasive"
839,"BEPE2","invasive"
840,"ARRU4","invasive"
841,"ANCO2","invasive"
842,"ACAU6","invasive"
843,"XASP2","invasive"
844,"FLBI","invasive"
845,"DETR5","invasive"
846,"MISC","invasive"
847,"DESO2","invasive"
848,"ZILA3","invasive"
849,"ALJU","invasive"
850,"LISE3","invasive"
851,"HYPO3","invasive"
852,"GUTI","invasive"
853,"CELO3","invasive"
854,"AMCO3","invasive"
855,"AMPA","invasive"
856,"STGE2","invasive"
857,"STHE8","invasive"
858,"LYJA","invasive"
859,"PAMA8","invasive"
860,"CEBR","invasive"
861,"PALI8","invasive"
862,"PAQU3","invasive"
863,"HYHI","invasive"
864,"PRCL2","invasive"
865,"IPBA2","invasive"
866,"LOTE2","invasive"
867,"PAVI6","invasive"
868,"PHMI3","invasive"
869,"MIDI8","invasive"
870,"HEAL5","invasive"
871,"ANEV","invasive"
872,"TUFA","invasive"
873,"SOCA10","invasive"
874,"TAPA2","invasive"
875,"PHAQ","invasive"
876,"TOAR","invasive"
877,"TRHI4","invasive"
878,"GLMA3","invasive"
879,"PHCA5","invasive"
880,"EUAL13","invasive"
881,"VIVI5","invasive"
882,"EUGR12","invasive"
883,"EULE9","invasive"
884,"CEFO2","invasive"
885,"SIMA3","invasive"
886,"AMTU","invasive"
887,"CUEP","invasive"
888,"CUEP2","invasive"
889,"CAED","invasive"
890,"CAMA","invasive"
891,"PIRI","invasive"
892,"CEDE4","invasive"
893,"PAGL9","invasive"
894,"ALZE","invasive"
895,"COLA5","invasive"
896,"HEFL5","invasive"
897,"NEOL","invasive"
898,"PYCO2","invasive"
899,"VIMA","invasive"
900,"ALPL","invasive"
901,"HEHEC","invasive"
902,"HOCO3","invasive"
903,"NEEX","invasive"
904,"OPMI4","invasive"
905,"PASU4","invasive"
906,"POCO14","invasive"
907,"AVBA","invasive"
908,"CARI2","invasive"
909,"CYEC","invasive"
910,"EHCA","invasive"
911,"EHLO3","invasive"
912,"AVMA3","invasive"
913,"ACPY3","invasive"
914,"BRPI","invasive"
915,"CONU","invasive"
916,"LUAR","invasive"
917,"OLEU","invasive"
918,"PISI","invasive"
919,"BOPE2","invasive"
920,"MISA","invasive"
921,"URBR2","invasive"
922,"TRNA","invasive"
923,"VUBR","invasive"
924,"SOCA3","invasive"
925,"SCCO10","invasive"
926,"SAPU4","invasive"
927,"PITH2","invasive"
928,"PIPO","invasive"
929,"PIMU80","invasive"
930,"PHED4","invasive"
931,"PEAC2","invasive"
932,"LUNO","invasive"
933,"LULU80","invasive"
934,"KADA","invasive"
935,"GEAE","invasive"
936,"CYCA","invasive"
937,"CIVE2","invasive"
938,"ANCA14","invasive"
939,"HELU","invasive"
940,"EUNI5","invasive"
941,"PHTA","invasive"
942,"POMA41","invasive"
943,"PONI","invasive"
944,"PRPA5","invasive"
945,"UTIN","invasive"
946,"ZOMA","invasive"
947,"ELTR2","invasive"
948,"PHNO2","invasive"
949,"VISI","invasive"
950,"VIDI80","invasive"
951,"LIMU6","invasive"
952,"DIPU","invasive"
953,"RUCO6","invasive"
954,"TAPA4","invasive"
955,"PIGL","invasive"
956,"PEHY","invasive"
957,"LYBA4","invasive"
958,"LADE2","invasive"
959,"AMLA9","invasive"
960,"ABPR","invasive"
961,"ABAL3","invasive"
962,"PIPA12","invasive"
963,"PIPE9","invasive"
964,"COSES","invasive"
965,"SYAL","invasive"
966,"SAAU","invasive"
967,"IPIM","invasive"
968,"COCO3","invasive"
969,"DIOP","invasive"
970,"POTR4","invasive"
971,"ACJA","invasive"
972,"PEFR4","invasive"
973,"ARSC4","invasive"
974,"BUSE2","invasive"
975,"AMCA3","invasive"
976,"ANGR2","invasive"
977,"ARSE2","invasive"
978,"BICE","invasive"
979,"CAFL14","invasive"
980,"CEGL2","invasive"
981,"CYDI4","invasive"
982,"CYIR","invasive"
983,"DIMU2","invasive"
984,"EPHI","invasive"
985,"EUHE2","invasive"
986,"FIDI","invasive"
987,"GAVE","invasive"
988,"HYNI","invasive"
989,"JUBU","invasive"
990,"LEMI3","invasive"
991,"LESA2","invasive"
992,"MANE","invasive"
993,"MAQU","invasive"
994,"MESP3","invasive"
995,"NATA2","invasive"
996,"NYAL","invasive"
997,"OEGL","invasive"
998,"STFI6","invasive"
999,"PONA4","invasive"
1000,"PORE6","invasive"
1001,"POSU25","invasive"
1002,"PRTO80","invasive"
1003,"ARGL","invasive"
1004,"TOJA","invasive"
1005,"SEVI4","invasive"
1006,"SEVU","invasive"
1007,"SAAL2","invasive"
1008,"SASA7","invasive"
1009,"SASA","invasive"
1010,"RUDE3","invasive"
1011,"ROIS2","invasive"
1012,"RAMU2","invasive"
1013,"RAAR3","invasive"
1014,"CEIB","invasive"
1015,"DYBO","invasive"
1016,"CLVU","invasive"
1017,"DILA3","invasive"
1018,"DILO2","invasive"
1019,"EPPA5","invasive"
1020,"FIPY2","invasive"
1021,"GABO2","invasive"
1022,"GAPA3","invasive"
1023,"GERO3","invasive"
1024,"HIRO3","invasive"
1025,"LYCO","invasive"
1026,"MAVU","invasive"
1027,"MAMI4","invasive"
1028,"NAPS","invasive"
1029,"NECA2","invasive"
1030,"ORVU","invasive"
1031,"PAHY3","invasive"
1032,"POPA2","invasive"
1033,"RASC3","invasive"
1034,"RUPA12","invasive"
1035,"SCPE","invasive"
1036,"SICO4","invasive"
1037,"THAN4","invasive"
1038,"THPRA","invasive"
1039,"VEAM2","invasive"
1040,"VIFA","invasive"
1041,"NYPE","invasive"
1042,"SPER","invasive"
1043,"TYDO","invasive"
1044,"IREN","invasive"
1045,"NADO","invasive"
1046,"SPJA","invasive"
1047,"VIOP","invasive"
1048,"PRPE3","invasive"
1049,"SEJA","invasive"
1050,"CAST","invasive"
1051,"CYEN2","invasive"
1052,"HYNY","invasive"
1053,"IPAQ","invasive"
1054,"LYVU","invasive"
1055,"NYCR","invasive"
1056,"PARE3","invasive"
1057,"SAMI7","invasive"
1058,"TAAP","invasive"
1059,"TAGA","invasive"
1060,"MAMU2","invasive"
1061,"PACA6","invasive"
1062,"CYIM2","invasive"
1063,"MECR3","invasive"
1064,"HODU2","invasive"
1065,"AMCR4","invasive"
1066,"AMDE","invasive"
1067,"AMBLB","invasive"
1068,"BOLA2","invasive"
1069,"CENO","invasive"
1070,"DYAM","invasive"
1071,"ROAM","invasive"
1072,"ORUM","invasive"
1073,"ASHA13","invasive"
1074,"AVST","invasive"
1075,"HOSP","invasive"
1076,"MERI3","invasive"
1077,"PALA28","invasive"
1078,"TOLE2","invasive"
1079,"TRSU3","invasive"
1080,"MEMO10","invasive"
1081,"MEMO5","invasive"
1082,"RUCU","invasive"
1083,"CRMA10","invasive"
1084,"SEVI7","invasive"
1085,"CECA2","invasive"
1086,"CHJU","invasive"
1087,"CRVU2","invasive"
1088,"ISTI","invasive"
1089,"COJU2","invasive"
1090,"VANI4","invasive"
1091,"SEOB4","invasive"
1092,"ECPL","invasive"
1093,"ARLE2","invasive"
1094,"BASA3","invasive"
1095,"CHBI3","invasive"
1096,"COCO33","invasive"
1097,"CYDE8","invasive"
1098,"CHHY2","invasive"
1099,"LICA17","invasive"
1100,"PEOL","invasive"
1101,"PESU8","invasive"
1102,"PHAL2","invasive"
1103,"PHAL4","invasive"
1104,"PHCA10","invasive"
1105,"PHEM","invasive"
1106,"PRTA2","invasive"
1107,"SICA6","invasive"
1108,"SYOR2","invasive"
1109,"TECA3","invasive"
1110,"TEOR","invasive"
1111,"TOPU","invasive"
1112,"ZYFA","invasive"
1113,"DRCO2","invasive"
1114,"CRBO4","invasive"
1115,"COBI2","invasive"
1116,"ALPU3","invasive"
1117,"ACUL","invasive"
1118,"ACHI","invasive"
1119,"COFL","invasive"
1120,"ERFO5","invasive"
1121,"EUHE4","invasive"
1122,"GOSE","invasive"
1123,"IPHE2","invasive"
1124,"IPCA2","invasive"
1125,"IPQU","invasive"
1126,"CODI6","invasive"
1127,"MAMI13","invasive"
1128,"MEPR2","invasive"
1129,"HYSU3","invasive"
1130,"OXDE3","invasive"
1131,"PEPE5","invasive"
1132,"POPE3","invasive"
1133,"PHPU7","invasive"
1134,"SCDU3","invasive"
1135,"SEAL4","invasive"
1136,"SOAM","invasive"
1137,"SOAN8","invasive"
1138,"SOPH","invasive"
1139,"SPAL3","invasive"
1140,"SYNO","invasive"
1141,"TRPR5","invasive"
1142,"PSJU3","invasive"
1143,"BIBI7","invasive"
1144,"DAAE","invasive"
1145,"LERU","invasive"
1146,"PIAB","invasive"
1147,"EUGR19","invasive"
1148,"BRCI2","invasive"
1149,"HEDU2","invasive"
1150,"POZO","invasive"
1151,"DICI","invasive"
1152,"DIIS","invasive"
1153,"GEDI","invasive"
1154,"PHUR","invasive"
1155,"CAVU","invasive"
1156,"EUSA","invasive"
1157,"CAJA7","invasive"
1158,"HAGL","invasive"
1159,"ROBR","invasive"
1160,"LISP10","invasive"
1161,"PAIN6","invasive"
1162,"JUEF","invasive"
1163,"ANAR9","invasive"
1164,"HEEU","invasive"
1165,"OPHU","invasive"
1166,"OPPH","invasive"
1167,"AREL4","invasive"
1168,"CESC9","invasive"
1169,"LIRO4","invasive"
1170,"BRST2","invasive"
1171,"SEDI8","invasive"
1172,"CAFI3","invasive"
1173,"CORE11","invasive"
1174,"HOVU","invasive"
1175,"CICA17","invasive"
1176,"PECA13","invasive"
1177,"PASC20","invasive"
1178,"CRPA10","invasive"
1179,"ATLI","invasive"
1180,"IPAL","invasive"
1181,"COPA14","invasive"
1182,"CACU8","invasive"
1183,"ATNU","invasive"
1184,"ACPA8","invasive"
1185,"ACIM5","invasive"
1186,"ACBA","invasive"
1187,"LIJA","invasive"
1188,"TOCI","invasive"
1189,"TITI2","invasive"
1190,"SYCU","invasive"
1191,"SPJU2","invasive"
1192,"SEPE4","invasive"
1193,"SAPE12","invasive"
1194,"PYAN","invasive"
1195,"PRVE","invasive"
1196,"JAMI","invasive"
1197,"PICA15","invasive"
1198,"EUCL","invasive"
1199,"EUSI2","invasive"
1200,"QURO2","invasive"
1201,"ROVI80","invasive"
1202,"SEBI5","invasive"
1203,"ALVI","invasive"
1204,"PEGL2","invasive"
1205,"RARE3","invasive"
1206,"EUCY2","invasive"
1207,"GAMO","invasive"
1208,"GLHE2","invasive"
1209,"LAAM","invasive"
1210,"LAPU2","invasive"
1211,"LECA5","invasive"
1212,"PATR6","invasive"
1213,"CAPU6","invasive"
1214,"CAOV5","invasive"
1215,"TRFO3","invasive"
1216,"AGCA11","invasive"
1217,"SAPR","invasive"
1218,"STAL4","invasive"
1219,"TALA2","invasive"
1220,"FIUL","invasive"
1221,"RHMI13","invasive"
1222,"CHVI4","invasive"
1223,"POMY5","invasive"
1224,"IMBA2","invasive"
1225,"SIAR4","invasive"
1226,"ALMY","invasive"
1227,"ATPA4","invasive"
1228,"MARE6","invasive"
1229,"MEAN","invasive"
1230,"TRPE21","invasive"
1231,"EQAR","invasive"
1232,"FUOF","invasive"
1233,"KISP","invasive"
1234,"ANAR","invasive"
1235,"SEVE3","invasive"
1236,"VIAR","invasive"
1237,"ARMO8","invasive"
1238,"CLTET2","invasive"
1239,"ERPH","invasive"
1240,"VEAN2","invasive"
1241,"BIJA","invasive"
1242,"DIAN","invasive"
1243,"GRSQ","invasive"
1244,"ACPS","invasive"
1245,"GAOF","invasive"
1246,"BASC5","invasive"
1247,"PHSP9","invasive"
1248,"LOXY","invasive"
1249,"BEVU","invasive"
1250,"PACR15","invasive"
1251,"PAFO3","invasive"
1252,"LEPE2","invasive"
1253,"MACO6","invasive"
1254,"PIMI2","invasive"
1255,"PLVI","invasive"
1256,"GYAN","invasive"
1257,"STJA","invasive"
1258,"STMEM","invasive"
1259,"VEHE2","invasive"
1260,"VEPO","invasive"
1261,"VEZI80","invasive"
1262,"WAIN","invasive"
1263,"SYSU5","invasive"
1264,"AMPO","invasive"
1265,"AGGI","invasive"
1266,"KUER","invasive"
1267,"ACAU3","invasive"
1268,"ACAU2","invasive"
1269,"SCAR7","invasive"
1270,"HYCA12","invasive"
1271,"GECA5","invasive"
1272,"GAPU","invasive"
1273,"EUDA5","invasive"
1274,"NERE","invasive"
1275,"POCA23","invasive"
1276,"RARU","invasive"
1277,"REAL","invasive"
1278,"RHSC3","invasive"
1279,"SACA22","invasive"
1280,"STUR","invasive"
1281,"VEBE","invasive"
1282,"WIFL","invasive"
1283,"CASP8","invasive"
1284,"GETI","invasive"
1285,"FRVE","invasive"
1286,"EURO2","invasive"
1287,"ERMI8","invasive"
1288,"CYHA","invasive"
1289,"CUAN4","invasive"
1290,"COAS3","invasive"
1291,"FRCH6","invasive"
1292,"CERU2","invasive"
1293,"CACA74","invasive"
1294,"CABO6","invasive"
1295,"STSC8","invasive"
1296,"BAER","invasive"
1297,"CAFU13","invasive"
1298,"CRCA3","invasive"
1299,"DISA9","invasive"
1300,"SOPI7","invasive"
1301,"CAHA13","invasive"
1302,"ELALL","invasive"
1303,"RUSP","invasive"
1304,"ALTR4","invasive"
1305,"PLSE","invasive"
1306,"BEPU5","invasive"
1307,"CYNA","invasive"
1308,"PUPH2","invasive"
1309,"YUAL","invasive"
1310,"JADI2","invasive"
1311,"RHTO10","invasive"
1312,"ABPR3","invasive"
1313,"ACAU","invasive"
1314,"EROP","invasive"
1315,"WISI","invasive"
1316,"CILA3","invasive"
1317,"DISA17","invasive"
1318,"EPPI","invasive"
1319,"JAMU2","invasive"
1320,"MALA9","invasive"
1321,"MICO16","invasive"
1322,"SYPO","invasive"
1323,"NAGU","invasive"
1324,"POIL","invasive"
1325,"ZIMA","invasive"
1326,"SEIT","invasive"
1327,"RUTI2","invasive"
1328,"PRDO","invasive"
1329,"PRCE","invasive"
1330,"TAPA6","invasive"
1331,"CICO7","invasive"
1332,"EULA4","invasive"
1333,"MEOF2","invasive"
1334,"NITA","invasive"
1335,"OCBA","invasive"
1336,"PECR2","invasive"
1337,"ADPA","invasive"
1338,"MUCA4","invasive"
1339,"EPBR3","invasive"
1340,"LYFE4","invasive"
1341,"PEPO14","invasive"
1342,"BRCA31","invasive"
1343,"CEMA9","invasive"
1344,"GITR2","invasive"
1345,"HEDE4","invasive"
1346,"BECH","invasive"
1347,"LIRE6","invasive"
1348,"MOBR2","invasive"
1349,"MOPU","invasive"
1350,"NERA2","invasive"
1351,"PEIN5","invasive"
1352,"RUTR2","invasive"
1353,"CAPA47","invasive"
1354,"VERI2","invasive"
1355,"BRSY","invasive"
1356,"PABE4","invasive"
1357,"RORO","invasive"
1358,"SOBI2","invasive"
1359,"PHPA5","invasive"
1360,"BROL","invasive"
1361,"PIAD","invasive"
1362,"JUAC2","invasive"
1363,"CUCA4","invasive"
1364,"DEEL3","invasive"
1365,"BODA2","invasive"
1366,"INSU","invasive"
1367,"LIFL5","invasive"
1368,"MAAN7","invasive"
1369,"RELU","invasive"
1370,"SIAC3","invasive"
1371,"ZECA","invasive"
1372,"PHNI2","invasive"
1373,"STAR","invasive"
1374,"TRPE4","invasive"
1375,"SEOC2","invasive"
1376,"SYOF","invasive"
1377,"ROSY","invasive"
1378,"BRRA2","invasive"
1379,"RIUV80","invasive"
1380,"RINI","invasive"
1381,"RIMU2","invasive"
1382,"RASA","invasive"
1383,"RAMA4","invasive"
1384,"PUNU2","invasive"
1385,"PSSP4","invasive"
1386,"PRJA2","invasive"
1387,"PONO3","invasive"
1388,"POBI17","invasive"
1389,"POIN8","invasive"
1390,"POIN10","invasive"
1391,"POCO15","invasive"
1392,"POPA9","invasive"
1393,"POSU18","invasive"
1394,"PISA","invasive"
1395,"PHPH2","invasive"
1396,"VEPE2","invasive"
1397,"VECH","invasive"
1398,"VEBI2","invasive"
1399,"VEAR","invasive"
1400,"VEBR","invasive"
1401,"URUR","invasive"
1402,"TRIN3","invasive"
1403,"TRPR","invasive"
1404,"PITA4","invasive"
1405,"TEGR","invasive"
1406,"STJA9","invasive"
1407,"SYAS","invasive"
1408,"SYCI2","invasive"
1409,"STAS2","invasive"
1410,"STGR","invasive"
1411,"STPA","invasive"
1412,"STAN","invasive"
1413,"SPVE2","invasive"
1414,"COTI3","invasive"
1415,"SOBID","invasive"
1416,"SOAL","invasive"
1417,"SISE4","invasive"
1418,"SIOR4","invasive"
1419,"SIAL5","invasive"
1420,"SINO","invasive"
1421,"SISP","invasive"
1422,"SEHE8","invasive"
1423,"SETO4","invasive"
1424,"SEHI2","invasive"
1425,"SEVI2","invasive"
1426,"LEAU2","invasive"
1427,"SCAN2","invasive"
1428,"SAAM12","invasive"
1429,"SAOF4","invasive"
1430,"SAKO3","invasive"
1431,"RUSAM","invasive"
1432,"ACNO","invasive"
1433,"KEJA","invasive"
1434,"ALVE2","invasive"
1435,"ALAR","invasive"
1436,"ALPR3","invasive"
1437,"ALPA17","invasive"
1438,"AMBL2","invasive"
1439,"AMTR2","invasive"
1440,"AMME","invasive"
1441,"ANAR6","invasive"
1442,"ARMI2","invasive"
1443,"ARTO","invasive"
1444,"ARHI3","invasive"
1445,"ATTA","invasive"
1446,"BIAL","invasive"
1447,"BRER","invasive"
1448,"URPL","invasive"
1449,"BRJU","invasive"
1450,"BUAR3","invasive"
1451,"CARE8","invasive"
1452,"CAAN4","invasive"
1453,"CASE14","invasive"
1454,"CASP10","invasive"
1455,"CACA19","invasive"
1456,"CESC2","invasive"
1457,"CEPU3","invasive"
1458,"CEFOV2","invasive"
1459,"CHMI","invasive"
1460,"CHMI6","invasive"
1461,"CHALA","invasive"
1462,"CHTE2","invasive"
1463,"COGR9","invasive"
1464,"COLI2","invasive"
1465,"COFR2","invasive"
1466,"COGR5","invasive"
1467,"COSU5","invasive"
1468,"CUME","invasive"
1469,"CUEU","invasive"
1470,"CUJA","invasive"
1471,"CECY2","invasive"
1472,"DECR","invasive"
1473,"DRTH","invasive"
1474,"ECES","invasive"
1475,"ERMI5","invasive"
1476,"ERHI12","invasive"
1477,"ERST3","invasive"
1478,"ERGA","invasive"
1479,"ERRE4","invasive"
1480,"ETEL","invasive"
1481,"EUMA8","invasive"
1482,"EVNU2","invasive"
1483,"GABI3","invasive"
1484,"GALA","invasive"
1485,"GATE2","invasive"
1486,"OECU2","invasive"
1487,"OMSY","invasive"
1488,"GNEX","invasive"
1489,"GYMU","invasive"
1490,"HEAU","invasive"
1491,"HEPA19","invasive"
1492,"HEPE","invasive"
1493,"HECR3","invasive"
1494,"HULU","invasive"
1495,"INHE","invasive"
1496,"IPCA5","invasive"
1497,"IPLA","invasive"
1498,"IPHE","invasive"
1499,"JATA","invasive"
1500,"JACU2","invasive"
1501,"JUCO","invasive"
1502,"JUGE","invasive"
1503,"LATA","invasive"
1504,"LASQ","invasive"
1505,"LEAE2","invasive"
1506,"LEDE","invasive"
1507,"LIAN10","invasive"
1508,"LIUS","invasive"
1509,"LOMA","invasive"
1510,"LOPE2","invasive"
1511,"LUMU2","invasive"
1512,"MAPU5","invasive"
1513,"MASY","invasive"
1514,"MAVE","invasive"
1515,"MESAF","invasive"
1516,"NEPA3","invasive"
1517,"NULU","invasive"
1518,"OCEL","invasive"
1519,"ODVES","invasive"
1520,"OEVI","invasive"
1521,"PANU3","invasive"
1522,"PAVI5","invasive"
1523,"PAFI5","invasive"
1524,"POHY2","invasive"
1525,"POPE2","invasive"
1526,"PHPH6","invasive"
1527,"CACR2","invasive"
1528,"PUDI","invasive"
1529,"PHAN5","invasive"
1530,"VISO","invasive"
1531,"TRDU2","invasive"
1532,"TAOFO","invasive"
1533,"SYPI2","invasive"
1534,"BRDIR","invasive"
1535,"CHFI4","invasive"
1536,"POSCD","invasive"
1537,"GAFA3","invasive"
1538,"LEAP6","invasive"
1539,"MESU12","invasive"
1540,"EUCA9","invasive"
1541,"RHDA","invasive"
1542,"HEAR22","invasive"
1543,"NAJA5","invasive"
1544,"CYFU10","invasive"
1545,"LUAN4","invasive"
1546,"TIRO","invasive"
1547,"SEBI3","invasive"
1548,"SATI","invasive"
1549,"PARH2","invasive"
1550,"HYUM","invasive"
1551,"ELCA24","invasive"
1552,"BOBA3","invasive"
1553,"SAPL","invasive"
1554,"THJU3","invasive"
1555,"AGPRO","invasive"
1556,"ELMU","invasive"
1557,"EUEU7","invasive"
1558,"LOFR","invasive"
1559,"VILA","invasive"
1560,"ACCA5","invasive"
1561,"LOPE4","invasive"
1562,"PHDA4","invasive"
1563,"HOMA2","invasive"
1564,"LILA7","invasive"
1565,"CEAR3","invasive"
1566,"GASH","invasive"
1567,"LUPE6","invasive"
1568,"MEHY5","invasive"
1569,"CALI24","invasive"
1570,"CARU24","invasive"
1571,"LYJA2","invasive"
1572,"BRBR5","invasive"
1573,"CURE","invasive"
1574,"CYCI4","invasive"
1575,"LAGA2","invasive"
1576,"ATMI2","invasive"
1577,"CARU15","invasive"
1578,"CHBE4","invasive"
1579,"GEROP","invasive"
1580,"HYPA","invasive"
1581,"VAOF","invasive"
1582,"PATE11","invasive"
1583,"SCPR4","invasive"
1584,"PRAV","invasive"
1585,"GERO","invasive"
1586,"MATO3","invasive"
1587,"PHAU6","invasive"
1588,"PICA4","invasive"
1589,"PTVI","invasive"
1590,"DIES","invasive"
1591,"DEPE6","invasive"
1592,"PLBI3","invasive"
1593,"COCA39","invasive"
1594,"COAR2","invasive"
1595,"MAEM2","invasive"
1596,"ABMO","invasive"
1597,"ACHO2","invasive"
1598,"ACTE4","invasive"
1599,"AGPR5","invasive"
1600,"ALTR12","invasive"
1601,"ANSQ","invasive"
1602,"ANBU3","invasive"
1603,"STLA4","invasive"
1604,"BAMO","invasive"
1605,"BECU","invasive"
1606,"BRDI2","invasive"
1607,"BREL2","invasive"
1608,"BUMA80","invasive"
1609,"CABE8","invasive"
1610,"CACR27","invasive"
1611,"CISP3","invasive"
1612,"COCO10","invasive"
1613,"CUIG","invasive"
1614,"DASI","invasive"
1615,"DILI8","invasive"
1616,"THTE7","invasive"
1617,"ELCA19","invasive"
1618,"EUMU","invasive"
1619,"FUBO","invasive"
1620,"FUMA","invasive"
1621,"FUEL","invasive"
1622,"VEBR2","invasive"
1623,"TRTR7","invasive"
1624,"GUMA3","invasive"
1625,"THGR3","invasive"
1626,"SAHY2","invasive"
1627,"SASA10","invasive"
1628,"RUBR12","invasive"
1629,"ACCO","invasive"
1630,"ACMO8","invasive"
1631,"ALMO","invasive"
1632,"ANGL4","invasive"
1633,"ARBI2","invasive"
1634,"AZPI","invasive"
1635,"CASA2","invasive"
1636,"CEOD","invasive"
1637,"CHIC","invasive"
1638,"CRJA3","invasive"
1639,"CYST7","invasive"
1640,"ELGU","invasive"
1641,"ELMO5","invasive"
1642,"FLIN","invasive"
1643,"FLST","invasive"
1644,"HACA2","invasive"
1645,"LAIN7","invasive"
1646,"LICH3","invasive"
1647,"MOCE2","invasive"
1648,"OPHIU2","invasive"
1649,"OPCO4","invasive"
1650,"ISPO3","invasive"
1651,"ISTI3","invasive"
1652,"PHFL80","invasive"
1653,"PICA18","invasive"
1654,"JUPI","invasive"
1655,"LAPU12","invasive"
1656,"LUCA2","invasive"
1657,"MOFO","invasive"
1658,"NYFR2","invasive"
1659,"OCGR","invasive"
1660,"PACO2","invasive"
1661,"PASC6","invasive"
1662,"PHGR61","invasive"
1663,"PIDI2","invasive"
1664,"PITE11","invasive"
1665,"PIVI5","invasive"
1666,"PLCA10","invasive"
1667,"PLIN4","invasive"
1668,"POPA18","invasive"
1669,"POTR5","invasive"
1670,"PTCR2","invasive"
1671,"QUAC80","invasive"
1672,"RHAL12","invasive"
1673,"RUMO4","invasive"
1674,"SAIN","invasive"
1675,"SAHU","invasive"
1676,"TAHE","invasive"
1677,"VESE","invasive"
1678,"LOPR4","invasive"
1679,"LACA8","invasive"
1680,"LAIN2","invasive"
1681,"LATR5","invasive"
1682,"CYLE8","invasive"
1683,"CYSP8","invasive"
1684,"HAPO6","invasive"
1685,"OPEN3","invasive"
1686,"OPLE2","invasive"
1687,"SCDU2","invasive"
1688,"AREL8","invasive"
1689,"BEJU4","invasive"
1690,"ALMA16","invasive"
1691,"ARAL7","invasive"
1692,"TRPO2","invasive"
1693,"AGAL5","invasive"
1694,"NAST3","invasive"
1695,"ALCH2","invasive"
1696,"ARPI6","invasive"
1697,"CAPA65","invasive"
1698,"COAL","invasive"
1699,"FIEL","invasive"
1700,"HEBR8","invasive"
1701,"HUCR","invasive"
1702,"PHAU80","invasive"
1703,"PHMA20","invasive"
1704,"PSGU3","invasive"
1705,"HEAR16","invasive"
1706,"LOIN","invasive"
1707,"RUFU2","invasive"
1708,"OLAL2","invasive"
1709,"PSLU2","invasive"
1710,"PRCE2","invasive"
1711,"CYMU","invasive"
1712,"VEFI","invasive"
1713,"SCLA6","invasive"
1714,"SYNO2","invasive"
1715,"PEBU4","invasive"
1716,"CESE10","invasive"
1717,"ACAR10","invasive"
1718,"MYSI","invasive"
1719,"ERBR14","invasive"
1720,"LEBI2","invasive"
1721,"AMCO","invasive"
1722,"APAM","invasive"
1723,"BICO5","invasive"
1724,"BOCO","invasive"
1725,"CARA2","invasive"
1726,"CAVU2","invasive"
1727,"CEDI4","invasive"
1728,"CHFL9","invasive"
1729,"CYCO3","invasive"
1730,"CYAM2","invasive"
1731,"CYSQ","invasive"
1732,"CYST","invasive"
1733,"DIACA","invasive"
1734,"ECOR","invasive"
1735,"ELDI2","invasive"
1736,"HERE","invasive"
1737,"MINY","invasive"
1738,"MUSC","invasive"
1739,"MUKE","invasive"
1740,"NAGR","invasive"
1741,"OEVIV","invasive"
1742,"OEOA","invasive"
1743,"PONE9","invasive"
1744,"POVI2","invasive"
1745,"PHVI15","invasive"
1746,"PSJA","invasive"
1747,"ROVI","invasive"
1748,"SPNE2","invasive"
1749,"SPVA","invasive"
1750,"VICU","invasive"
1751,"WAFI","invasive"
1752,"YUGL2","invasive"
1753,"VIRI","invasive"
1754,"SYLA6","invasive"
1755,"RUPA5","invasive"
1756,"ORSA","invasive"
1757,"ACVI","invasive"
1758,"ERPE","invasive"
1759,"ATHO","invasive"
1760,"CYAT","invasive"
1761,"CYLU2","invasive"
1762,"CYOD","invasive"
1763,"CYSE5","invasive"
1764,"SOAU","invasive"
1765,"HIIN3","invasive"
1766,"HOPL2","invasive"
1767,"SEOR4","invasive"
1768,"BOGL4","invasive"
1769,"MEMA21","invasive"
1770,"SYNE2","invasive"
1771,"MIPE8","invasive"
1772,"VEOF2","invasive"
1773,"LARA2","invasive"
1774,"BABA8","invasive"
1775,"PHBI8","invasive"
1776,"PHNI80","invasive"
1777,"SAPA31","invasive"
1778,"OXEX2","invasive"
1779,"CASI10","invasive"
1780,"CAPO2","invasive"
1781,"CLSI2","invasive"
1782,"COMI13","invasive"
1783,"COSI82","invasive"
1784,"SOSO","invasive"
1785,"RELU2","invasive"
1786,"QUIL2","invasive"
1787,"QUCE","invasive"
1788,"PESE10","invasive"
1789,"PADU","invasive"
1790,"MYOD","invasive"
1791,"LEFO2","invasive"
1792,"LAAL","invasive"
1793,"CYPO10","invasive"
1794,"LASA3","invasive"
1795,"CETO2","invasive"
1796,"DITE4","invasive"
1797,"SAVE5","invasive"
1798,"CAMU11","invasive"
1799,"CHBA10","invasive"
1800,"CLTE3","invasive"
1801,"CRSP2","invasive"
1802,"URPA","invasive"
1803,"PAPA11","invasive"
1804,"ECPY2","invasive"
1805,"CLCH4","invasive"
1806,"ELAC","invasive"
1807,"HIVU2","invasive"
1808,"ALLI5","invasive"
1809,"ACPA2","invasive"
1810,"ANMA3","invasive"
1811,"LECH2","invasive"
1812,"ACFI4","invasive"
1813,"BOSA","invasive"
1814,"APSP","invasive"
1815,"EUSY","invasive"
1816,"MAIN4","invasive"
1817,"JUCA17","invasive"
1818,"SASP7","invasive"
1819,"TRGL4","invasive"
1820,"EUVI","invasive"
1821,"MAGR8","invasive"
1822,"RUCH4","invasive"
1823,"RUID","invasive"
1824,"FRAM2","invasive"
1825,"HEAM","invasive"
1826,"ULPR","invasive"
1827,"MYLA5","invasive"
1828,"LANO80","invasive"
1829,"ERLU6","invasive"
1830,"EUHA7","invasive"
1831,"CHPR14","invasive"
1832,"COCA45","invasive"
1833,"COGL16","invasive"
1834,"PICL","invasive"
1835,"RULA","invasive"
1836,"PLCI6","invasive"
1837,"CALA20","invasive"
1838,"PAJU","invasive"
1839,"PARU3","invasive"
1840,"URPI","invasive"
1841,"NAMI2","invasive"
1842,"ACAM9","invasive"
1843,"ACIT2","invasive"
1844,"ACVI7","invasive"
1845,"ACSA10","invasive"
1846,"EUCI80","invasive"
1847,"EPHE","invasive"
1848,"CAIM","invasive"
1849,"POCEL","invasive"
1850,"BAIN10","invasive"
1851,"ACVE2","invasive"
1852,"HEPE8","invasive"
1853,"PHAM2","invasive"
1854,"RUVE","invasive"
1855,"MUEX2","invasive"
1856,"COLA6","invasive"
1857,"CIAU7","invasive"
1858,"MIST","invasive"
1859,"CAANG","invasive"
1860,"TUUL","invasive"
1861,"THPO3","invasive"
1862,"SIIR","invasive"
1863,"VIOD","invasive"
1864,"PHOP","invasive"
1865,"BITR","invasive"
1866,"CEPA14","invasive"
1867,"LAVI8","invasive"
1868,"ERVA10","invasive"
1869,"EMSO","invasive"
1870,"CENI2","invasive"
1871,"SOTE3","invasive"
1872,"TRPO","invasive"
1873,"XAAM5","invasive"
1874,"FIAL4","invasive"
1875,"FIBE2","invasive"
1876,"FIBE","invasive"
1877,"FIRE3","invasive"
1878,"ROOL","invasive"
1879,"PIAR8","invasive"
1880,"LYFL3","invasive"
1881,"FRGR3","invasive"
1882,"CHMA2","invasive"
1883,"AICA","invasive"
1884,"THVU","invasive"
1885,"BRAL4","invasive"
1886,"LEPE4","invasive"
1887,"CEHI3","invasive"
1888,"EUGO","invasive"
1889,"PIWA3","invasive"
1890,"JUCO6","invasive"
1891,"CLQU2","invasive"
1892,"CEDI6","invasive"
1893,"ACGL7","invasive"
1894,"DOCA3","invasive"
1895,"ECPO3","invasive"
1896,"FLTR2","invasive"
1897,"FRFL","invasive"
1898,"HEAM4","invasive"
1899,"GMEL","invasive"
1900,"NEPR2","invasive"
1901,"BAMO2","invasive"
1902,"ALBR5","invasive"
1903,"AEJA","invasive"
1904,"PHRI3","invasive"
1905,"SEPE10","invasive"
1906,"HEGR7","invasive"
1907,"CYTU3","invasive"
1908,"INPS2","invasive"
1909,"LUSU18","invasive"
1910,"HEBO3","invasive"
1911,"LULE4","invasive"
1912,"MEPE3","invasive"
1913,"TRCU6","invasive"
1914,"YOJA","invasive"
1915,"SASP","invasive"
1916,"RUNUN","invasive"
1917,"POQU2","invasive"
1918,"PHTE5","invasive"
1919,"MECO4","invasive"
1920,"LAMO5","invasive"
1921,"IPPE2","invasive"
1922,"INGL2","invasive"
1923,"DIMU8","invasive"
1924,"COTR13","invasive"
1925,"COTR12","invasive"
1926,"COAE","invasive"
1927,"CLVI9","invasive"
1928,"SEUN3","invasive"
1929,"BOFL2","invasive"
1930,"ORAE3","invasive"
1931,"AEHA2","invasive"
1932,"MENI3","invasive"
1933,"CICA8","invasive"
1934,"FAVI","invasive"
1935,"COAJ","invasive"
1936,"DIBA","invasive"
1937,"LAAN2","invasive"
1938,"LUAN","invasive"
1939,"MAST","invasive"
1940,"RUGR3","invasive"
1941,"SEHI","invasive"
1942,"SESA","invasive"
1943,"COAL2","invasive"
1944,"DAWR2","invasive"
1945,"LEAL4","invasive"
1946,"ALSI8","invasive"
1947,"BIRA","invasive"
1948,"RUCA","invasive"
1949,"COOR4","invasive"
1950,"DAVI2","invasive"
1951,"NIRU","invasive"
1952,"MESI5","invasive"
1953,"MACR3","invasive"
1954,"ALAR8","invasive"
1955,"RULO2","invasive"
1956,"CLHA","invasive"
1957,"EUBO2","invasive"
1958,"CLIN2","invasive"
1959,"SHIN","invasive"
1960,"FLIN5","invasive"
1961,"HITI","invasive"
1962,"MIPI9","invasive"
1963,"SACH18","invasive"
1964,"CEAU2","invasive"
1965,"CLRO","invasive"
1966,"DISU11","invasive"
1967,"GAPA5","invasive"
1968,"LOGA2","invasive"
1969,"SESY","invasive"
1970,"HYVE2","invasive"
1971,"OESA","invasive"
1972,"PIBA2","invasive"
1973,"PIMU","invasive"
1974,"CAPA23","invasive"
1975,"BOER","invasive"
1976,"GOHI","invasive"
1977,"INVE","invasive"
1978,"PRCH2","invasive"
1979,"SESI3","invasive"
1980,"SICO","invasive"
1981,"PAQU6","invasive"
1982,"EQHY","invasive"
1983,"ECPU","invasive"
1984,"FAES2","invasive"
1985,"HEFO4","invasive"
1986,"MEPO5","invasive"
1987,"CULA","invasive"
1988,"EMFO","invasive"
1989,"URRE2","invasive"
1990,"VAMA4","invasive"
1991,"VEFO","invasive"
1992,"XASA2","invasive"
1993,"ZIMO2","invasive"
1994,"ZIOF","invasive"
1995,"ZIZE","invasive"
1996,"ZOMA2","invasive"
1997,"TRDA3","invasive"
1998,"TRST3","invasive"
1999,"TRCI2","invasive"
2000,"TRBE","invasive"
2001,"TRPA10","invasive"
2002,"TRSP12","invasive"
2003,"TRJA","invasive"
2004,"THAR2","invasive"
2005,"TECA5","invasive"
2006,"TAIN2","invasive"
2007,"ABHI","invasive"
2008,"ABIN3","invasive"
2009,"ACAN11","invasive"
2010,"AGAN4","invasive"
2011,"AGCL3","invasive"
2012,"ALPR","invasive"
2013,"ALMA11","invasive"
2014,"ALPU4","invasive"
2015,"ALVA2","invasive"
2016,"AMPE2","invasive"
2017,"NEAR5","invasive"
2018,"ARHU8","invasive"
2019,"ARTE3","invasive"
2020,"ARRI3","invasive"
2021,"AVCA","invasive"
2022,"BACR","invasive"
2023,"BALU2","invasive"
2024,"BAPR","invasive"
2025,"BAAS3","invasive"
2026,"BAPU","invasive"
2027,"BAVA","invasive"
2028,"BODA","invasive"
2029,"BRDI8","invasive"
2030,"BRSU3","invasive"
2031,"CAPU13","invasive"
2032,"CAVI22","invasive"
2033,"CABI11","invasive"
2034,"CAIN4","invasive"
2035,"CAEN4","invasive"
2036,"CAJA3","invasive"
2037,"CEPU6","invasive"
2038,"CHEL5","invasive"
2039,"CIME4","invasive"
2040,"CLGY","invasive"
2041,"COVA3","invasive"
2042,"COOF2","invasive"
2043,"COHI4","invasive"
2044,"COOB3","invasive"
2045,"COSP4","invasive"
2046,"CRVE5","invasive"
2047,"CRAR5","invasive"
2048,"CUDI2","invasive"
2049,"CUHY","invasive"
2050,"CUSE2","invasive"
2051,"CYCI","invasive"
2052,"CYNL80","invasive"
2053,"CYPL2","invasive"
2054,"CYAM3","invasive"
2055,"CYIM","invasive"
2056,"DASC3","invasive"
2057,"DEST4","invasive"
2058,"DICA35","invasive"
2059,"DOWA2","invasive"
2060,"DYLU","invasive"
2061,"ECCR2","invasive"
2062,"EIPA","invasive"
2063,"EPRA2","invasive"
2064,"ERAT3","invasive"
2065,"ERCI2","invasive"
2066,"ERJA4","invasive"
2067,"ERAM7","invasive"
2068,"ERUN","invasive"
2069,"ERVA7","invasive"
2070,"COCI4","invasive"
2071,"EUTI","invasive"
2072,"FIPU2","invasive"
2073,"FILI3","invasive"
2074,"GAGL6","invasive"
2075,"GANU5","invasive"
2076,"GEJA","invasive"
2077,"GLPA4","invasive"
2078,"GMAR","invasive"
2079,"HEQU","invasive"
2080,"INOX","invasive"
2081,"INHE3","invasive"
2082,"IPOB","invasive"
2083,"IPOC2","invasive"
2084,"ISRU","invasive"
2085,"KABL","invasive"
2086,"LAPU6","invasive"
2087,"LAIN","invasive"
2088,"LASP","invasive"
2089,"LAOD","invasive"
2090,"LEPE","invasive"
2091,"LESI","invasive"
2092,"LEFU21","invasive"
2093,"LEPAM","invasive"
2094,"LENE2","invasive"
2095,"LICR","invasive"
2096,"LUPL","invasive"
2097,"MAZA","invasive"
2098,"MEBI","invasive"
2099,"MICA9","invasive"
2100,"MOCI3","invasive"
2101,"MOOL","invasive"
2102,"MUNU","invasive"
2103,"MYPI","invasive"
2104,"MYBA3","invasive"
2105,"NECA4","invasive"
2106,"NECA8","invasive"
2107,"NIPL2","invasive"
2108,"ODCU","invasive"
2109,"OLCO","invasive"
2110,"OLHE3","invasive"
2111,"PAAQ2","invasive"
2112,"PAIN7","invasive"
2113,"PADE6","invasive"
2114,"PAFA4","invasive"
2115,"PEAM3","invasive"
2116,"POCH6","invasive"
2117,"PIRA","invasive"
2118,"PLAM2","invasive"
2119,"SOSC7","invasive"
2120,"PLAU6","invasive"
2121,"POSU8","invasive"
2122,"PODI","invasive"
2123,"PTIN2","invasive"
2124,"PTMA7","invasive"
2125,"PTEL","invasive"
2126,"RETR","invasive"
2127,"TOSU","invasive"
2128,"RUEQ","invasive"
2129,"SEMU5","invasive"
2130,"SESE7","invasive"
2131,"SESE8","invasive"
2132,"SEBA","invasive"
2133,"SILI6","invasive"
2134,"SIRE7","invasive"
2135,"SIAN5","invasive"
2136,"SOQU","invasive"
2137,"SOSE","invasive"
2138,"SPCH3","invasive"
2139,"SPTE3","invasive"
2140,"SYMA2","invasive"
2141,"TARO","invasive"
2142,"MARE11","invasive"
2143,"DEPI","invasive"
2144,"EUME12","invasive"
2145,"CYCR11","invasive"
2146,"BATE6","invasive"
2147,"STAL6","invasive"
2148,"THDU","invasive"
2149,"LERA5","invasive"
2150,"PEAL7","invasive"
2151,"AEUM","invasive"
2152,"ANCO40","invasive"
2153,"ASAD10","invasive"
2154,"BRSC3","invasive"
2155,"CAPA73","invasive"
2156,"CRFO2","invasive"
2157,"ERCA19","invasive"
2158,"GEMO","invasive"
2159,"HECR2","invasive"
2160,"ONCA3","invasive"
2161,"ROCR3","invasive"
2162,"TRCH6","invasive"
2163,"TREC2","invasive"
2164,"TRNI3","invasive"
2165,"TRST13","invasive"
2166,"TRTO4","invasive"
2167,"VUCI","invasive"
2168,"DIVI6","invasive"
2169,"PIMO7","invasive"
2170,"SPPO","invasive"
2171,"RUAQ","invasive"
2172,"RAAQ","invasive"
2173,"STPE15","invasive"
2174,"PONO2","invasive"
2175,"POPUT3","invasive"
2176,"POAME","invasive"
2177,"NAMA","invasive"
2178,"MYVE3","invasive"
2179,"LEGI","invasive"
2180,"EPPA","invasive"
2181,"ELAM3","invasive"
2182,"CYPU3","invasive"
2183,"CADI44","invasive"
2184,"CUMY","invasive"
2185,"SARE3","invasive"
2186,"LEHE","invasive"
2187,"URDI4","invasive"
2188,"DIBI","invasive"
2189,"URAD","invasive"
2190,"ERCI","invasive"
2191,"DIHO","invasive"
2192,"DIFU","invasive"
2193,"ALMA12","invasive"
2194,"VIRE7","invasive"
2195,"CLBU","invasive"
2196,"CEMO5","invasive"
2197,"KOPA","invasive"
2198,"TESE8","invasive"
2199,"VATO","invasive"
2200,"SEME9","invasive"
2201,"RUACT","invasive"
2202,"MEAQ","invasive"
2203,"SARA2","invasive"
2204,"WARO","invasive"
2205,"PHRE","invasive"
2206,"AMCA6","invasive"
2207,"AMTE3","invasive"
2208,"ANCY","invasive"
2209,"ASTU","invasive"
2210,"BOGR2","invasive"
2211,"KOMA","invasive"
2212,"LOSE","invasive"
2213,"LUPE3","invasive"
2214,"DAVI","invasive"
2215,"LATR2","invasive"
2216,"OLRIR","invasive"
2217,"SONU2","invasive"
2218,"HESU3","invasive"
2219,"SANI","invasive"
2220,"CADU6","invasive"
2221,"MEMI","invasive"
2222,"PLOV","invasive"
2223,"LIGE","invasive"
2224,"CYFL2","invasive"
2225,"EUGR5","invasive"
2226,"COKO2","invasive"
2227,"STHA","invasive"
2228,"SANIC4","invasive"
2229,"LIBE3","invasive"
2230,"PHGR22","invasive"
2231,"ALFI8","invasive"
2232,"BLLA3","invasive"
2233,"COOL","invasive"
2234,"DIRE7","invasive"
2235,"GNPO","invasive"
2236,"INTR","invasive"
2237,"IPER","invasive"
2238,"LYLA3","invasive"
2239,"LUOC","invasive"
2240,"MACA5","invasive"
2241,"MOVA","invasive"
2242,"PIMO3","invasive"
2243,"LEVA","invasive"
2244,"CAGI","invasive"
2245,"FUHE2","invasive"
2246,"CEDI7","invasive"
2247,"CEDE2","invasive"
2248,"EUGU5","invasive"
2249,"LUHY6","invasive"
2250,"PHMI14","invasive"
2251,"SIMO2","invasive"
2252,"OEPA5","invasive"
2253,"MIFL3","invasive"
2254,"SAOF","invasive"
2255,"SOBIA","invasive"
2256,"ATCO","invasive"
2257,"BOER4","invasive"
2258,"CAMA10","invasive"
2259,"JUAS","invasive"
2260,"ALST2","invasive"
2261,"BRDA80","invasive"
2262,"ELAM","invasive"
2263,"ACBI9","invasive"
2264,"ALSA2","invasive"
2265,"CEPU4","invasive"
2266,"IRGE","invasive"
2267,"NAPO","invasive"
2268,"ARSP2","invasive"
2269,"AGAV","invasive"
2270,"DAQU","invasive"
2271,"ACAD","invasive"
2272,"ALGE2","invasive"
2273,"EUSO3","invasive"
2274,"CACI15","invasive"
2275,"CAVI23","invasive"
2276,"CEHE3","invasive"
2277,"CEEL4","invasive"
2278,"COSA4","invasive"
2279,"ECCO3","invasive"
2280,"ECTE2","invasive"
2281,"GRBA","invasive"
2282,"LISI2","invasive"
2283,"LYHY3","invasive"
2284,"MOHI","invasive"
2285,"NYME","invasive"
2286,"EULE6","invasive"
2287,"PYFO","invasive"
2288,"PYCR7","invasive"
2289,"PYKO","invasive"
2290,"RUFL","invasive"
2291,"PIGL2","invasive"
2292,"SAGR","invasive"
2293,"POSI11","invasive"
2294,"SPTR2","invasive"
2295,"RHLY","invasive"
2296,"RHMA4","invasive"
2297,"CODI19","invasive"
2298,"EUCL6","invasive"
2299,"EUPE18","invasive"
2300,"EUTE","invasive"
2301,"CEAS","invasive"
2302,"CAHI10","invasive"
2303,"MAPU","invasive"
2304,"LACO3","invasive"
